str,snp,pheno,p3,snpld3,pld3,normpld3
0,0,9,0,1,12,0.733333333
0,0,10,0,1,11,0.666666667
0,0,10,0,1,12,0.733333333
0,0,10,0,1,11,0.666666667
0,0,12,0,1,12,0.733333333
0,0,12,0,1,11,0.666666667
0,0,12,0,1,12,0.733333333
1,0,10,0,1,11,0.666666667
1,0,12,0,1,12,0.733333333
1,0,14,0,1,10,0.6
1,0,15,0,0,2,0.066666667
2,0,16,0,0,1,0
3,0,22,1,0,6,0.333333333
4,0,30,2,1,15,0.933333333
4,0,32,2,1,16,1
4,0,32,2,0,10,0.6
4,0,32,2,0,10,0.6
0,1,12,0,1,12,0.733333333
0,1,13,0,1,11,0.666666667
0,1,14,0,1,11,0.666666667
0,1,14,0,1,12,0.733333333
0,1,14,0,1,10,0.6
1,1,14,0,1,12,0.733333333
1,1,16,0,1,12,0.733333333
1,1,19,0,0,2,0.066666667
2,1,18,0,0,1,0
2,1,19,0,0,2,0.066666667
2,1,20,0,0,1,0
2,1,21,0,1,12,0.733333333
2,1,22,0,1,11,0.666666667
2,1,23,0,1,11,0.666666667
3,1,24,1,0,6,0.333333333
3,1,25,1,0,7,0.4
3,1,26,1,0,6,0.333333333
3,1,28,1,1,14,0.866666667
4,1,34,2,0,10,0.6
4,1,35,2,0,11,0.666666667
4,1,35,2,1,16,1